﻿<?xml version="1.0" encoding="UTF-8" standalone="yes"?>
<Picture>
	<PictureVariant name="tbglacti_85.png" screenDensity="bldpi" glyphWidth="14" glyphHeight="14"/>
	<PictureVariant name="tbglacti_100.png" screenDensity="ldpi" glyphWidth="16" glyphHeight="16"/>
	<PictureVariant name="tbglacti_125.png" screenDensity="aldpi" glyphWidth="20" glyphHeight="20"/>
	<PictureVariant name="tbglacti_150.png" screenDensity="mdpi" glyphWidth="24" glyphHeight="24"/>
	<PictureVariant name="tbglacti_175.png" screenDensity="amdpi" glyphWidth="28" glyphHeight="28"/>
	<PictureVariant name="tbglacti_200.png" screenDensity="hdpi" glyphWidth="32" glyphHeight="32"/>
	<PictureVariant name="tbglacti_300.png" screenDensity="xdpi" glyphWidth="48" glyphHeight="48"/>
	<PictureVariant name="tbglacti_400.png" screenDensity="udpi" glyphWidth="64" glyphHeight="64"/>
	<PictureVariant name="tbglacti.png" screenDensity="ldpi" interfaceVariant="version8_2" glyphWidth="16" glyphHeight="16"/>
	<PictureVariant name="l.png" screenDensity="ldpi" interfaceVariant="version8_2_OrdinaryApp" glyphWidth="16" glyphHeight="16"/>
	<PictureVariant name="tbglacti_old.bmp" screenDensity="ldpi" interfaceVariant="version8_0" glyphWidth="16" glyphHeight="16"/>
	<PictureVariant name="hc.png" screenDensity="hdpi" interfaceVariant="taxiMobile" isTemplate="true"/>
	<PictureVariant name="lc.png" screenDensity="ldpi" interfaceVariant="taxiMobile" isTemplate="true"/>
	<PictureVariant name="mc.png" screenDensity="mdpi" interfaceVariant="taxiMobile" isTemplate="true"/>
	<PictureVariant name="xc.png" screenDensity="xdpi" interfaceVariant="taxiMobile" isTemplate="true"/>
</Picture>